Date,Amount
25May2016,54241.35
29May2017,54008.83
30Jun2017,54008.82
05Jan2017,52704.37
23Feb2017,52704.36
04Nov2016,52000
28Sep2017,49878.83
04Apr2017,49878.82
25Jul2017,49878.82
24Aug2017,49878.82
18Nov2016,49372.36
02May2017,49371.83
24Mar2016,48341.35
24Jun2016,48341.35
25Apr2016,48341.34
08Dec2016,47950.36
23Jan2015,46080.76
24Apr2015,45884.87
24Jul2015,45884.87
23Oct2015,45884.87
25Jan2016,45884.87
25Mar2015,45884.86
25May2015,45884.86
25Jun2015,45884.86
25Aug2015,45884.86
25Sep2015,45884.86
25Nov2015,45884.86
15Dec2015,45884.86
25Feb2016,45884.86
25Feb2015,45645.05
25Jul2016,45360.23
28Sep2016,43854.36
23May2016,43198.67
25Oct2016,43090.37
30Aug2016,34999
22Feb2016,32000
17Feb2015,30000
22Jul2015,27496.66
23Aug2016,25000
20Oct2016,24621.54
20Aug2014,23969.65
20Oct2014,23969.65
21Jul2014,23969.64
20Sep2014,23969.64
20Nov2014,23969.64
31Oct2016,23900
14Jul2017,23670.9
20Mar2014,21396.81
01Jul2014,21000
09Feb2015,20000
20May2015,20000
18Oct2016,20000
26Oct2016,20000
22Jun2015,19937.6
25May2015,19800
20Dec2016,19597.97
11Jul2016,18500
22Apr2014,18400.79
20May2014,18400.79
20Jun2014,18400.79
13May2016,18400
20Dec2014,18388.58
09May2015,18000
04Jun2015,18000
06Jul2015,17720
11Aug2015,17720
02Sep2015,17720
05Oct2015,17720
05Nov2015,17720
02Dec2015,17720
05Jan2016,17720
03Feb2016,17720
20Sep2013,17717.64
21Oct2013,17687.55
20Nov2013,17687.55
20Dec2013,17687.55
20Feb2014,17687.55
20Jan2014,17687.54
09Sep2016,17397.95
27Jun2016,17380.6
01Sep2014,17000
07Feb2017,15916.94
08Mar2017,15916.43
30Jun2017,15916.43
30Aug2017,15691.28
29Jul2016,15635.86
20Mar2017,15400
26Sep2016,15117
12May2014,15000
22Sep2014,15000
31Mar2015,15000
30Dec2015,15000
26Apr2017,15000
04Sep2017,15000
29Jul2017,14831.37
06Apr2017,14361.52
30Sep2016,14300
01Aug2016,14198.47
02May2017,13750.09
02Jun2016,13589.6
25Jan2016,13381.78
28Sep2017,13243.52
23Jun2014,13209.2
28Dec2016,13041.71
08Jan2016,12940
25May2015,12000
02Aug2017,12000
19Jun2017,11793.18
01Sep2014,10500
21Apr2015,10443.58
23Feb2016,10306.18
29May2017,10287.55
18Oct2016,10050.15
22Sep2016,10035.43
29Apr2014,10000
29Aug2014,10000
30Jun2015,10000
04Jan2016,10000
16Feb2016,10000
22Sep2016,10000
25Oct2016,10000
04Nov2016,10000
26Jan2017,10000
13Mar2017,10000
27Mar2017,10000
06May2015,9647.02
04Mar2016,8000
21Nov2016,8000
25Nov2016,8000
29Aug2016,7264.25
30Mar2017,6623.83
03Nov2014,6193
25Oct2016,5624.55
04Jan2017,5300
02Apr2015,5000
24Apr2015,5000
05May2015,5000
14Dec2015,5000
24Dec2015,5000
06Jun2016,5000
29Nov2016,5000
20Mar2017,5000
11Sep2017,5000
28Dec2016,4962.87
08Feb2016,4800
19Oct2016,4700
04Apr2017,4600
29Jun2015,4500
04Aug2015,4500
03Jun2015,4200
05May2015,4000
17Aug2015,4000
09Apr2016,4000
08Jan2016,3645
17Nov2014,3500
29Dec2015,3470
02Oct2015,3400
30May2017,3325.26
09Sep2016,3104
22Jul2015,3000
01Dec2015,3000
05Jul2016,3000
18Jul2016,3000
30Jun2016,2950
02Nov2015,2940
05Jan2017,2914.33
03Sep2015,2900
09Jan2016,2859
03Mar2017,2500
09Sep2016,2235
24Feb2017,2200
05Jan2016,2100
10Apr2017,2098.63
03Mar2016,2031
14Nov2014,2000
02Apr2015,2000
20Jul2017,2000
04Aug2015,1600
18Nov2016,1591.12
11Apr2017,1550.26
27Jun2016,1550
09Sep2016,1504
03Mar2015,1500
12Mar2015,1500
28Nov2016,1500
30Mar2016,1484.1
29Apr2017,1418.62
13Apr2017,1409
16Apr2016,1214.1
11Apr2017,1192
18Oct2014,1147.6
08Apr2015,1143.97
01Aug2015,1100
31Jul2015,1005.88
27Jun2014,1000
06Aug2014,1000
01Sep2014,1000
10Nov2014,1000
12Mar2015,1000
20Dec2016,1000
23Jan2017,1000
11Jan2017,999
28May2015,986.32
04Apr2017,873.8
20Feb2016,857.6
22Sep2014,755
05Dec2016,700
19Dec2016,434
20Oct2014,375
15Mar2016,346
16Mar2016,346
07Feb2017,346
01Mar2016,340
01Apr2016,339.86
12Sep2015,337
31Dec2015,329
20Nov2015,282
11Jun2014,250
23Oct2014,250
21Jul2014,200
30Jun2014,190
31Jul2015,132.81
15Feb2016,130.81
11Apr2016,108.4
20Jun2014,100
09Jul2014,100
14Jul2014,100
05May2016,100
09Mar2017,100
11Jun2014,70
28Oct2014,67.07
08Oct2015,66
23Apr2015,64.12
13Jul2016,62.55
27Dec2014,49.59
28Jan2014,49.27
29Aug2016,44.43
27Jun2017,39.92
08Mar2016,38
14Mar2016,38
04Apr2016,38
10May2016,38
20May2016,38
22Jun2016,38
11Jul2016,38
18Aug2016,38
08Sep2014,37
26Sep2014,36.02
25Feb2016,32.54
27Dec2013,29.07
27Sep2017,27.13
25Feb2014,26.44
28Jan2015,24.57
27Aug2014,24.53
27Mar2014,24.07
26Jun2014,23.85
27Jan2016,22.99
28Dec2015,22.13
28Mar2017,21.86
27Nov2013,21.34
27May2017,21.11
26Nov2015,19.18
27Jul2017,18.21
27Oct2016,17.28
26Jun2015,14.64
27Sep2016,14.08
28Jul2014,13.97
27Mar2015,13.53
26Mar2016,13.5
28Jul2015,13.36
26Nov2016,12.75
28Aug2017,12.61
28Oct2013,12.49
25Apr2017,12.16
27May2016,11.02
28May2014,10.94
25Feb2015,10.87
28Oct2015,10.78
27Aug2015,10.77
26Sep2015,10.72
24Feb2017,10.09
27Jan2017,9.94
28Dec2016,8.38
26Apr2016,8.22
25Apr2015,7.28
06Oct2015,7.09
27Aug2016,7.06
25Apr2014,6.67
27Jun2016,5.22
27Jul2016,5.03
26Sep2013,2.63
28Jul2014,-0.03
25Apr2014,-0.08
27Jan2017,-0.09
26Sep2015,-0.17
27May2015,-0.99
27Jan2016,-1.09
13May2017,-1.86
26Mar2016,-2.5
26Nov2016,-2.5
03Mar2015,-3
28Jan2014,-3.5
28Jan2015,-3.5
25Apr2015,-3.5
27May2015,-3.5
27Aug2015,-3.5
26Sep2015,-3.5
25Apr2015,-3.77
10Sep2014,-4.5
13Sep2014,-4.5
27Jul2017,-4.5
28Aug2017,-4.5
20Feb2016,-5
08Feb2017,-6
09Mar2017,-6
22Mar2017,-6
25Mar2017,-6
01Apr2017,-6
28Apr2017,-6
04May2017,-6
30May2017,-6
02Jun2017,-6
03Jul2017,-6
26Jul2017,-6
07Aug2017,-6
26Jun2015,-6.75
08Sep2014,-6.76
22Aug2015,-6.99
26Jun2014,-7
26Jun2015,-7
04Aug2015,-7.98
20Mar2017,-7.99
05Jan2015,-8.5
03Jan2015,-9
10Feb2015,-9
08Oct2014,-9.5
18Oct2014,-9.5
30Mar2015,-9.5
01Apr2015,-9.5
03Mar2015,-9.6
08Nov2016,-9.95
29Jan2014,-10
13Nov2014,-10
17Dec2014,-10
06Jan2015,-10
06Jan2015,-10
24Jul2015,-10
05Oct2015,-10
12May2017,-10
20Dec2013,-10.25
27May2015,-10.34
06Aug2016,-10.5
08Sep2016,-10.5
01Oct2016,-10.5
10Nov2016,-10.5
25Apr2014,-11.2
28May2014,-11.2
27Dec2014,-11.2
28Jul2015,-11.35
29Sep2014,-12
29Sep2014,-12
04Jul2017,-14
26Aug2017,-14
23Sep2017,-14
25Apr2015,-14.18
19Dec2016,-14.9
08Dec2014,-15
27Mar2015,-15
14Dec2016,-15.99
26Aug2016,-17
15Dec2015,-17.11
16Jan2017,-17.46
26Jul2014,-17.95
05Nov2016,-18
03May2017,-18
28Jan2014,-18.5
28Jan2015,-19.3
26Sep2015,-19.3
11Aug2014,-19.8
22Oct2014,-19.8
22Oct2014,-19.9
10Jul2015,-19.98
03Dec2014,-19.99
29Nov2013,-20
05Nov2016,-20
25May2016,-20.4
06Jan2015,-21.9
04Oct2016,-21.99
24Mar2017,-21.99
22Aug2015,-23
29Apr2015,-23.39
15Sep2014,-23.5
23Nov2016,-23.71
17Jan2014,-23.95
17Jan2017,-24
25Nov2016,-24.36
19Jun2015,-24.4
05May2014,-25
20Jan2015,-25
25Jul2015,-25
16Nov2016,-25
27Aug2015,-25.7
18Oct2016,-25.8
02Dec2016,-25.98
31Mar2017,-25.98
18Jan2017,-26
22Mar2017,-26
22Mar2017,-26
31May2016,-26.97
01Jun2016,-26.97
02Jun2016,-26.97
07Jun2016,-26.97
06Jul2016,-26.97
07Jul2016,-26.97
27Jul2017,-28
28Aug2017,-28
12Jul2017,-29
10Mar2014,-29.09
30Dec2014,-29.4
18Aug2014,-29.98
08Jan2015,-30
08May2017,-30
26Jun2014,-30.75
02Dec2015,-30.98
29Sep2016,-31
16Nov2016,-31.4
28Mar2017,-31.48
20Feb2016,-32
24May2016,-32
07Jan2017,-32
04Jun2016,-32.57
03Jun2017,-32.9
21May2015,-32.99
03Jan2015,-33
13Jan2016,-34.82
23Sep2015,-34.95
20Dec2014,-35
22Mar2016,-35
22Mar2016,-35
11Apr2016,-35
09Sep2016,-35
25Oct2016,-35
15Dec2016,-35
20Mar2017,-35
01Apr2017,-35.34
23Mar2016,-35.8
08Nov2016,-35.8
13Jan2017,-35.98
22Nov2016,-35.99
30Nov2016,-36
10Nov2016,-36.41
04Nov2016,-36.94
07Jul2015,-37
07Jun2016,-37
09May2015,-37.94
06May2016,-37.98
07May2016,-37.98
10May2016,-37.98
18Mar2017,-37.98
22Mar2017,-37.98
03Jan2015,-38
29Jan2015,-38
29Sep2016,-38
22Mar2017,-38
12Jan2016,-38.46
26Jun2015,-38.6
25May2015,-38.76
06Aug2016,-38.9
23Sep2015,-38.94
18Dec2014,-39
03Jan2015,-39
07Jan2015,-39
30Sep2016,-39
24Nov2016,-39.77
13Sep2014,-39.8
08Nov2014,-39.9
21Sep2016,-39.9
19Dec2014,-39.95
08Nov2016,-39.95
23Mar2017,-39.95
01Dec2015,-39.98
24Dec2015,-39.98
28Jan2016,-39.98
19Feb2016,-39.98
20Feb2016,-39.98
02Mar2016,-39.98
31May2017,-39.98
26Aug2016,-39.99
31Jul2014,-40
15Jan2015,-40
17Apr2015,-40
20Feb2016,-40
17Aug2016,-40
04Oct2016,-40
07Feb2017,-40
16Feb2017,-40
20Mar2017,-40
27Mar2017,-40
28Apr2017,-40
29May2017,-40
30May2017,-40
15Jun2017,-40
09Jul2015,-40.3
12Mar2015,-42
28Mar2015,-42
20Feb2016,-42.44
13Dec2016,-42.5
05Jun2017,-42.75
03Nov2016,-42.94
22Jul2014,-42.99
07Nov2014,-42.99
13Sep2014,-43
06Jan2015,-43
11Jan2016,-43
26Apr2017,-43.08
06May2016,-43.2
05Nov2016,-43.98
23Nov2016,-43.98
28Nov2014,-44
01Oct2016,-44
16Jan2017,-44.85
23May2014,-45
10Nov2014,-45
24Apr2017,-45
15Mar2017,-45.95
23Nov2016,-46.49
06Dec2016,-46.53
27May2014,-46.8
26Jul2014,-47
20Sep2014,-47
26Sep2014,-47
05Nov2014,-47
12Nov2014,-47
31Dec2014,-47
31Dec2014,-47
07Jan2015,-48
14Jan2015,-48
07Feb2015,-48.3
24Dec2013,-48.8
20Feb2014,-48.8
08May2015,-48.8
12Jun2014,-48.9
10Jul2015,-48.9
25Jun2015,-49
22Aug2015,-49.45
16Jan2014,-49.9
14Jan2016,-49.98
15Jan2016,-49.98
16Jan2016,-49.98
01Mar2016,-49.98
29Jul2014,-50
17Nov2014,-50
04Dec2014,-50
13Feb2015,-50
10Mar2015,-50
26Mar2015,-50
24Apr2015,-50
24Jul2015,-50
21Aug2015,-50
18Apr2016,-50
23Feb2017,-50.2
06Dec2016,-50.72
09Dec2016,-50.79
06Dec2016,-50.99
08Dec2014,-51
22Mar2017,-51.2
03Jan2015,-52
05Jun2014,-52.9
07Jan2017,-53
07Jan2017,-53
22Mar2017,-53
19Dec2016,-53.5
07Jun2016,-54
07Jun2016,-54
18Feb2017,-54
23May2017,-54.55
05Jan2015,-54.8
16Feb2015,-54.9
03Mar2016,-54.98
17Feb2017,-54.98
11Feb2017,-55.6
27Sep2013,-55.9
13Jan2015,-55.9
03Jan2015,-56
06Jan2015,-56
09Sep2015,-56
02Sep2017,-56
20Mar2017,-56.8
07Mar2017,-56.98
07May2015,-57
17Jun2015,-57
25Jun2015,-57
27Jun2015,-57
22Jun2017,-57
22Nov2016,-57.98
08Jul2015,-58
06Aug2015,-58
23Dec2013,-58.49
14Mar2017,-58.49
24Jul2015,-58.9
11Sep2015,-58.9
28Oct2013,-59
27Nov2013,-59
27Dec2013,-59
28Jan2014,-59
25Feb2014,-59
27Mar2014,-59
25Apr2014,-59
28May2014,-59
26Jun2014,-59
28Jul2014,-59
27Aug2014,-59
26Sep2014,-59
28Oct2014,-59
26Nov2014,-59
27Dec2014,-59
01Oct2015,-59.5
29Aug2017,-59.9
19Nov2016,-59.97
10Dec2013,-60
08Dec2014,-60
20Jun2015,-60
14Dec2016,-60
04Jan2017,-60
30Aug2017,-60
24May2017,-60.86
15Oct2016,-60.9
21Jan2015,-61.7
24Nov2016,-61.89
09Jun2014,-61.9
17Dec2016,-62
16Feb2017,-62
17Dec2016,-62.98
28Mar2017,-62.98
08Dec2014,-63
06Jan2015,-63
23Oct2015,-63
11Mar2017,-63.52
12May2017,-64
19Jun2017,-64
21Jun2017,-64
03Sep2016,-64.95
19Jun2015,-65
13May2017,-65
15Dec2014,-65.04
26Feb2014,-65.24
21Nov2016,-65.8
14Feb2017,-65.8
18Feb2017,-65.8
21Feb2017,-65.8
01Mar2017,-65.8
09Mar2017,-65.8
13Mar2017,-65.8
19Apr2017,-65.8
03May2017,-65.8
10May2017,-65.8
30May2017,-65.99
28Jan2015,-66
25Feb2015,-66
27Mar2015,-66
25Apr2015,-66
27May2015,-66
26Jun2015,-66
28Jul2015,-66
27Aug2015,-66
26Sep2015,-66
06Oct2015,-66
28Oct2015,-66
26Nov2015,-66
28Dec2015,-66
27Jan2016,-66
25Feb2016,-66
26Mar2016,-66
26Apr2016,-66
27May2016,-66
27Jun2016,-66
27Jul2016,-66
27Aug2016,-66
27Sep2016,-66
27Oct2016,-66
26Nov2016,-66
28Dec2016,-66
27Jan2017,-66
24Feb2017,-66
28Mar2017,-66
25Apr2017,-66
27May2017,-66
27Jun2017,-66
27Jul2017,-66
28Aug2017,-66
27Sep2017,-66
28Nov2016,-66.15
21Oct2013,-66.25
17Sep2016,-66.89
20Sep2016,-66.89
06Jun2014,-66.9
29Mar2017,-66.98
23Oct2015,-67
01Aug2014,-67.01
22Jul2014,-67.85
22Apr2017,-68
22Jun2017,-68
07Jan2015,-68.4
03Mar2017,-68.97
25Mar2015,-69
25Jul2015,-69
26Apr2017,-69.1
28Feb2017,-69.47
18May2017,-69.65
16Nov2016,-69.89
17Dec2016,-69.9
19Dec2014,-69.95
09Jul2015,-69.95
08Mar2017,-69.97
15Mar2017,-69.98
05Jan2015,-70
15Dec2015,-70
26Sep2016,-70
05Jun2014,-71
25Jul2014,-71
25Jul2014,-71
17Sep2014,-71
25Sep2014,-71
05Nov2014,-71
12Nov2014,-71
31Dec2014,-71
31Dec2014,-71
17Jun2015,-71.49
10Dec2016,-71.9
12Dec2014,-72
10Dec2016,-72
25Apr2017,-72.8
11Mar2014,-72.9
08Sep2014,-72.92
28Sep2015,-73.21
13Jun2017,-73.57
24Jun2014,-74.21
21Sep2016,-74.28
20Jan2015,-74.39
12Dec2014,-74.8
23Mar2017,-74.97
23Apr2014,-74.99
26Feb2014,-75
11Aug2015,-75
28Nov2014,-75.63
06Jan2015,-75.9
19Jun2017,-75.93
19May2014,-76.34
23Dec2013,-76.6
27Aug2014,-76.95
14Dec2016,-76.99
06Jan2017,-77
03Dec2014,-77.4
26Feb2014,-77.62
23Apr2014,-77.94
11Aug2015,-78
07Jan2017,-78
07Jan2017,-78
31Mar2014,-78.86
18May2017,-78.95
24Dec2015,-79.66
25Jun2014,-79.8
29Jul2014,-79.8
28Apr2016,-79.94
06Dec2013,-80
08Jun2016,-80
19Dec2016,-80
09Jan2017,-80
16Aug2017,-80
07Dec2016,-80.58
16Feb2016,-81
05Aug2016,-81.8
25Feb2014,-82
12Jan2015,-82
06Dec2016,-82
24Mar2017,-82.17
20Feb2017,-82.95
29Aug2016,-83
18May2017,-83.06
10Feb2017,-83.97
26Feb2014,-84.28
23Jan2017,-84.3
19Nov2016,-84.97
05Sep2017,-84.99
03Jan2015,-85
31Mar2015,-85
26Nov2016,-85.79
15Mar2017,-86.47
06May2017,-86.94
22Nov2016,-86.98
23Mar2015,-87.3
10Oct2015,-87.97
22Sep2014,-88
13Apr2017,-88
08Jan2015,-88.8
20Aug2015,-89
16Apr2014,-90
27May2014,-90
02Jul2014,-90
10Nov2014,-90
21Jan2015,-90
05May2015,-90
25Sep2015,-90
29Dec2015,-90
17Nov2016,-90.28
05Oct2015,-91
02Apr2015,-91.7
14Mar2017,-91.8
24Aug2017,-92.4
31Jul2014,-92.9
01Dec2016,-92.94
06Jan2015,-93.8
18May2017,-94.86
18Apr2017,-94.95
12May2017,-94.95
23Feb2015,-95
28Feb2015,-95
17Apr2015,-95
18Jan2017,-96
17Aug2015,-96.39
09Jan2017,-97
15Feb2017,-97.07
12Dec2014,-97.38
27Jul2017,-97.47
18Mar2017,-97.96
23Feb2017,-98
18Apr2017,-98
18May2017,-98.11
31Jan2015,-98.12
12Dec2016,-98.99
30Jul2014,-99
23Jan2016,-99
22Feb2016,-99
18Aug2017,-99.8
24Dec2014,-99.9
28Jan2014,-100
14Mar2014,-100
19Apr2014,-100
29Apr2014,-100
03May2014,-100
26May2014,-100
02Jun2014,-100
10Jun2014,-100
05Sep2014,-100
15Sep2014,-100
23Sep2013,-100
15Oct2014,-100
01Apr2015,-100
29Apr2015,-100
24Aug2015,-100
19Aug2016,-100
06Sep2016,-100
06Sep2016,-100
06Sep2016,-100
26Sep2016,-100
15Jun2017,-100
15Dec2016,-101.47
29May2017,-101.58
10Feb2017,-101.88
07Dec2013,-102
25Mar2017,-102
20Feb2017,-102.4
16Aug2017,-102.4
26Nov2016,-103.21
05Jul2017,-103.47
14Feb2017,-104
13May2017,-104.06
05Oct2016,-104.1
14Feb2017,-105.38
18Mar2017,-106.4
06Dec2013,-106.97
16Jan2014,-107
16Feb2015,-107.5
18Apr2015,-107.5
08May2017,-107.7
20Feb2017,-107.78
27May2014,-108
16Sep2015,-109
18Dec2014,-109.8
19Oct2013,-109.9
19Jun2017,-109.99
01Jul2014,-110
01Aug2014,-110
01Sep2014,-110
01Oct2014,-110
03Nov2014,-110
01Dec2014,-110
02Jan2015,-110
02Feb2015,-110
29Jun2015,-110
29Aug2016,-110
08Mar2017,-111.57
02May2017,-112.45
30Jun2015,-113.08
29Nov2016,-113.3
30Dec2014,-113.95
20Aug2015,-114.8
23Sep2016,-114.95
02Feb2015,-115
21Nov2016,-115
15Dec2015,-115.6
01Apr2017,-115.96
20Aug2015,-116.22
12Jun2017,-116.5
03Dec2016,-116.7
19Dec2014,-117.6
12Jul2017,-117.7
12Apr2017,-117.78
12Dec2016,-117.8
13Jan2017,-118.49
30Nov2016,-119.95
07Mar2015,-120
13Mar2015,-120
27Mar2015,-120
16Apr2015,-120
19Mar2016,-120
18Feb2017,-120
21Aug2017,-120
22Dec2014,-120.85
23Jul2015,-122
03Feb2015,-122.4
10Feb2014,-122.5
08Mar2014,-123.8
19Oct2015,-124
21Nov2016,-124.91
24Feb2014,-125
06Jan2015,-125
29Jun2015,-125.43
05Aug2015,-125.43
21Jul2014,-126
14Jan2015,-126.05
02Jan2014,-126.21
25Aug2015,-126.85
19May2017,-126.9
11Feb2017,-127
26Oct2013,-127.2
13Jan2015,-127.42
22Feb2017,-127.9
24Feb2015,-129
03Apr2017,-129
08May2017,-129.9
13Jan2015,-129.95
05Sep2015,-130
29Sep2015,-130
12May2016,-130
03Nov2016,-130
08May2017,-130
19Dec2016,-130.3
05Sep2017,-130.43
23Nov2015,-130.5
17Sep2016,-134
30Sep2016,-134.8
26Jan2015,-135
09Feb2017,-135
15Jan2015,-135.9
22Oct2016,-136.43
12Dec2016,-136.8
14Feb2015,-137
12Oct2013,-137.56
18Oct2016,-138.8
19Jun2017,-139
08Jun2017,-139.38
06Jun2017,-139.94
03Jun2015,-140
20Oct2015,-140
14Jan2016,-140
25Aug2016,-140
10Jan2017,-140
29Apr2017,-140
12Jun2017,-140
28Mar2017,-140.4
28Apr2017,-140.48
08Aug2016,-141.08
14Apr2015,-142.4
19Apr2014,-143.99
28Nov2016,-143.99
09May2017,-144.44
17Dec2016,-144.9
02Oct2015,-145
21Oct2016,-145
05Sep2017,-145.46
11Aug2015,-146.4
11Dec2014,-146.9
24Aug2015,-147.7
29Sep2015,-147.93
07Oct2015,-149
26Nov2015,-149
20Feb2017,-149.9
04Sep2017,-149.9
16May2014,-150
05Jul2014,-150
31Oct2016,-150
23Jan2017,-150
07Feb2015,-150.09
20Jan2015,-150.6
06Jun2017,-150.83
27Sep2016,-151.84
21Jun2014,-152
05Aug2014,-152.99
21Oct2015,-153.2
21May2015,-153.31
06Sep2016,-153.33
19Jun2017,-154
10Jul2017,-154.38
19Apr2014,-154.52
28Nov2016,-154.57
30Aug2017,-154.88
09Sep2015,-155.37
08Sep2014,-155.7
20Jun2017,-156.47
27Feb2015,-159
31Mar2015,-159
30Apr2015,-159
15Jul2014,-159.6
16Jul2014,-159.7
25Apr2017,-159.91
15Dec2014,-160
18Apr2015,-160.44
02Jun2017,-160.47
02Jun2017,-162.43
15Dec2016,-163
23Jan2017,-163.46
24Jul2015,-164
03May2017,-164.34
22Mar2017,-164.57
27Feb2017,-164.91
18Aug2015,-165
12Jun2017,-165
13Sep2014,-165.3
26Aug2017,-166
18Jun2015,-167.5
28Dec2013,-168.4
15Nov2016,-168.67
22Apr2014,-169.04
26May2014,-170
08May2017,-170
08Jun2017,-170
28Nov2016,-170.39
26Apr2017,-170.91
22Aug2017,-170.96
19Aug2015,-171.96
21Aug2015,-173
16Jan2014,-173.23
28Jan2015,-173.71
05Jun2015,-174
30Aug2017,-174.37
09Mar2015,-174.5
19Apr2017,-175.95
06Jul2015,-176
12Oct2015,-176.4
24Dec2014,-176.73
07Apr2016,-176.79
24Jun2017,-177
08Apr2017,-177.78
03Apr2017,-178
09Nov2016,-178.44
09Jun2015,-178.67
19Jul2014,-179
22Jan2015,-179
31Oct2015,-179
12Dec2014,-179.8
29Nov2016,-179.96
10Jan2014,-180
05Mar2014,-180
15Nov2014,-180
02Mar2015,-180
13Apr2015,-180
20Jul2015,-180
05Sep2016,-180
28Jun2017,-180
20May2014,-180.23
10Feb2017,-181
22Sep2016,-182.74
20Apr2017,-182.94
23Mar2017,-183.07
14Sep2016,-183.7
10Nov2014,-185.7
12Jan2015,-185.89
19Dec2016,-186.2
14Jun2014,-187.64
27Dec2013,-188.25
04Feb2015,-188.6
09May2017,-189.35
24Dec2014,-189.77
22Jan2016,-190
03Apr2017,-190
11Mar2014,-190.37
11Sep2017,-190.44
03Jan2017,-190.7
21May2016,-191.39
31Mar2014,-191.79
30Aug2017,-193.86
09Oct2015,-194.98
04May2017,-195.2
27May2015,-197.2
17Jun2015,-197.83
27Mar2014,-198
23Apr2014,-198
04May2015,-198
28Nov2016,-199.67
05May2017,-199.89
14Oct2013,-200
05Dec2013,-200
09Dec2013,-200
08Feb2014,-200
21Feb2014,-200
26Feb2014,-200
05May2014,-200
06May2014,-200
03Jun2014,-200
26Jun2014,-200
24Jul2014,-200
18Aug2014,-200
26Aug2014,-200
06Sep2014,-200
30Sep2013,-200
02Oct2014,-200
22Oct2014,-200
30Oct2014,-200
07Nov2014,-200
13Nov2014,-200
17Nov2014,-200
03Dec2014,-200
10Dec2014,-200
19Dec2014,-200
09Jan2015,-200
21Jan2015,-200
30Jan2015,-200
02Mar2015,-200
09Mar2015,-200
22Apr2015,-200
11Aug2015,-200
15Sep2015,-200
16Mar2016,-200
21Apr2016,-200
13Jul2016,-200
01Aug2016,-200
31Aug2016,-200
20Sep2016,-200
07Oct2016,-200
08Oct2016,-200
25Nov2016,-200
10Dec2016,-200
17Dec2016,-200
23Jan2017,-200
23Jan2017,-200
08Feb2017,-200
06Mar2017,-200
20Mar2017,-200
31Mar2017,-200
18Apr2017,-200
24Apr2017,-200
05Jul2017,-200
11Jul2017,-200
05Aug2017,-200
29Aug2017,-200
07Sep2017,-200
22Feb2016,-200.79
13Feb2014,-200.95
30Aug2014,-202.41
18May2017,-203.28
15Sep2016,-203.88
11Jun2014,-204
07Sep2017,-205
01Oct2016,-205.95
28Sep2015,-206.03
23May2017,-206.34
19Sep2014,-206.4
11Feb2017,-208.3
08Sep2015,-208.98
01Oct2015,-210
12Dec2016,-210
02May2017,-210
12Jun2017,-210
15Jun2017,-210
18Nov2014,-210.96
09Jun2015,-211.76
30Jun2017,-212.1
28Jan2015,-212.97
15Jun2015,-213.08
21Jul2015,-215
07Sep2015,-216.45
06Jan2015,-216.48
29Aug2016,-216.92
10Oct2016,-217
19Jan2016,-217.1
02Jan2014,-217.4
23Sep2016,-217.8
19Aug2014,-218.47
15Jul2015,-218.99
22Jun2017,-219.32
30Jul2015,-219.59
13Jun2015,-219.91
09Dec2014,-220
14Jul2015,-220
16Nov2016,-220
07Dec2016,-220
06Apr2017,-222.41
19May2017,-222.83
15Jul2015,-223.45
06Dec2016,-224.15
17Oct2015,-226
18Dec2014,-226.77
31Aug2016,-227.5
10Aug2016,-227.68
14Jan2015,-230
07Mar2017,-230
24Apr2017,-230
02Jun2017,-230
15Apr2017,-230.34
05Dec2014,-231.18
24Feb2014,-233.88
02Mar2015,-234
29May2015,-234.8
13Jan2014,-235
05Sep2014,-235
06Jun2015,-239.5
06Jun2015,-239.63
24May2014,-239.98
19Jun2015,-240
10Sep2016,-240
14Dec2016,-240
12Sep2017,-240
17Feb2017,-240.25
11Jul2015,-242.52
12Mar2015,-243.84
10Jul2017,-245
16Mar2017,-245.74
31Dec2014,-245.98
30Jun2015,-246.43
27Sep2016,-246.92
20Jul2015,-249
17Feb2017,-249.99
03Apr2014,-250
23Mar2015,-250
15Jun2015,-250
22Aug2015,-250
12Sep2015,-250
26Oct2015,-250
14Jun2016,-250
25Jul2016,-250
12Sep2016,-250
15Feb2017,-250
03May2017,-250
01Jun2017,-250
17Jun2017,-250
20Mar2017,-251.04
06Mar2015,-253
06Jan2015,-254.6
19Dec2014,-255
19Apr2017,-255.4
04Jul2017,-255.41
29Apr2017,-256
09Jan2017,-257.97
08Jul2017,-259.23
14Sep2015,-259.95
08Jun2015,-260
27Jun2015,-260
10Oct2015,-260
10Sep2016,-260
26Nov2016,-260
10Mar2017,-260
16Jul2015,-262.49
10Jul2017,-263.96
09May2015,-264.59
03Jan2015,-265
24Nov2016,-266.38
09Jan2015,-267.83
17Jan2017,-269.97
10Jan2014,-270
02Sep2014,-270
26Feb2015,-270
20Apr2017,-270
09Jan2017,-270.3
11Apr2017,-271.35
03Jul2017,-271.41
11Dec2014,-273
23Feb2017,-273.7
04Jul2017,-274.5
16Feb2015,-275
09Jun2015,-275
26Sep2017,-275
19Jun2017,-276.88
15Apr2015,-277
26Sep2016,-278.68
20Jan2015,-279.51
24Aug2017,-279.73
11Dec2015,-279.94
15Nov2016,-280
03Feb2015,-280.3
03Jan2014,-281.7
21May2014,-282.46
27Oct2016,-284.06
19Jan2016,-286
08Apr2017,-286.46
29Jul2014,-288.5
23Jan2017,-289.97
07May2015,-290
29Apr2014,-291.25
11Aug2014,-291.58
18Jan2017,-292.7
21Jun2017,-294
11Mar2014,-295
27Mar2017,-296
14Mar2015,-298
20Jul2015,-298.34
28Oct2015,-298.48
22Jun2017,-298.68
14Nov2016,-299
13Dec2014,-299.93
04Oct2013,-300
02May2014,-300
02Jun2014,-300
28Jan2015,-300
14Feb2015,-300
11May2015,-300
25May2015,-300
07Jul2015,-300
16Mar2016,-300
29Mar2017,-303.63
28Oct2016,-305.28
14Jun2017,-305.83
22Oct2016,-306.3
01Dec2014,-306.48
08May2015,-309
12Aug2015,-310
09Sep2015,-310
31Mar2017,-310
10Jun2017,-310.79
03Nov2014,-311.05
07Mar2015,-312
15Feb2016,-313.31
01Jun2015,-314.32
05Oct2016,-314.76
22Mar2017,-314.78
19Sep2014,-315
13Sep2016,-315
03Jul2017,-315
15Aug2017,-315.37
19Sep2016,-316.24
16Aug2017,-316.51
21Jul2014,-317.75
11Jul2017,-318.15
15Apr2017,-318.94
24Feb2015,-320
27Feb2015,-320
04May2015,-320
13Feb2015,-320.93
14Jan2014,-322
23Mar2015,-322
24Mar2014,-324.95
01Jul2014,-325
01Aug2014,-325
16Aug2014,-325
01Sep2014,-325
01Oct2014,-325
01Dec2014,-325
02Jan2015,-325
02Feb2015,-325
17Aug2015,-326
09Feb2015,-326.22
10Jul2014,-326.7
01Apr2016,-328
19May2016,-328.98
05Oct2015,-329.7
24May2014,-329.98
08Sep2015,-330
15Jan2016,-330
30Aug2017,-336
07Aug2015,-337
04Feb2014,-338.26
30Apr2014,-339
30May2014,-339
30Jun2014,-339
31Jul2014,-339
29Aug2014,-339
30Sep2014,-339
31Oct2014,-339
28Nov2014,-339
31Dec2014,-339
30Jan2015,-339
14Aug2017,-340
19Mar2015,-341.1
07May2016,-342
11Jul2017,-342.12
19Aug2017,-342.63
22Apr2017,-343.32
05Jun2015,-344
14Aug2014,-344.64
18Dec2014,-345.29
14Mar2017,-346
21Sep2015,-348
30Dec2014,-348.55
31Jul2015,-349
01Sep2015,-349
30Oct2015,-349
01Dec2015,-349
31Dec2015,-349
01Feb2016,-349
02Mar2016,-349
31Mar2016,-349
03May2016,-349
01Jul2016,-349
02Aug2016,-349
01Jul2015,-349.51
01Jun2015,-349.63
04May2015,-349.73
03Jan2015,-350
12Jun2015,-350
07Dec2016,-350
22Mar2017,-350
01Sep2014,-350.01
01Dec2014,-350.01
30Jan2015,-350.01
30Mar2015,-350.01
07Dec2013,-350.2
30Oct2014,-350.44
14Oct2016,-351.06
31Oct2016,-351.06
13Jan2014,-351.25
21Apr2017,-351.92
22Jan2016,-352.11
30May2016,-352.32
30Oct2014,-352.43
02Mar2015,-352.51
29Jul2016,-352.83
11May2015,-352.87
17Feb2015,-353.4
22Dec2015,-354.8
03May2014,-354.91
16May2015,-355
18Jun2015,-355
03May2017,-355.26
19Apr2017,-355.28
16Jan2016,-356
17May2017,-357.32
27Aug2015,-358
02Aug2017,-358.35
26Jun2014,-360
08Dec2014,-360
06Jan2015,-360
19Jun2017,-360
01Sep2017,-360
02Jul2015,-360.75
04Apr2016,-360.9
21Aug2017,-361.17
30Apr2014,-361.8
01Aug2014,-364.55
30Jun2014,-367.32
07Jun2016,-369.39
02Jan2015,-369.58
27Jan2015,-370
13Oct2014,-371
05Jan2015,-371.4
18Jun2016,-371.6
01Oct2015,-372.63
25Apr2017,-373.48
18Feb2017,-374.97
10Aug2017,-375
01Oct2013,-380
10Jan2014,-380
27May2014,-380
07Jul2014,-380
05Oct2015,-380
30May2014,-380.28
04May2017,-380.54
06Jan2015,-380.7
07Nov2014,-381.75
09Sep2017,-383
21Aug2015,-383.23
22Sep2017,-383.4
13Jun2017,-385.07
03Jun2017,-385.3
24Jan2017,-385.75
29Apr2017,-386.83
11Jan2016,-388.29
03Dec2016,-388.6
05Jan2015,-389.24
29Dec2014,-389.85
26Sep2013,-390
07Sep2015,-390
21Jul2014,-390.51
08May2017,-391.49
07Jul2015,-391.9
16Jan2014,-392.69
17Aug2015,-394.05
01Apr2015,-395
24Dec2015,-395
30Mar2015,-396.27
15Sep2014,-396.8
30Jan2014,-397.3
17Sep2014,-397.35
17Aug2015,-399
10Apr2017,-399
09Jun2014,-399.5
13Nov2014,-399.65
27Mar2014,-400
25Sep2014,-400
19Jan2015,-400
03Feb2015,-400
22Apr2015,-400
31Aug2015,-400
02Jun2016,-400
07Jul2016,-400
13Jan2017,-400
10Apr2017,-400
11Apr2017,-400
25Jul2014,-400.15
27Feb2017,-400.35
11Dec2014,-400.49
24Aug2017,-401.13
17May2017,-401.43
03Jun2014,-402.27
24Dec2014,-402.31
31Jul2014,-403.31
27Feb2017,-403.49
29May2015,-403.5
25Oct2014,-404.65
18Nov2014,-406.11
24Aug2017,-406.36
02Dec2014,-406.55
18Apr2015,-406.7
03Dec2016,-408.48
24Feb2014,-409
03Aug2015,-410
27Mar2017,-410
18Oct2014,-410.11
12Aug2014,-411.7
16Feb2015,-411.79
14Oct2014,-413.1
16May2017,-414.21
07Oct2015,-415.07
13May2015,-416.3
30Jun2017,-417.3
28Nov2016,-420
22Sep2015,-420.15
18May2015,-420.6
30Mar2015,-420.76
15Jul2014,-421.55
05Sep2014,-421.9
15Jul2014,-423.1
04Feb2015,-423.8
22Aug2015,-426.45
22Sep2015,-426.45
22Oct2015,-426.45
21Nov2015,-426.45
22Dec2015,-426.45
22Jan2016,-426.45
22Feb2016,-426.45
22Mar2016,-426.45
22Apr2016,-426.45
26Jan2015,-429.27
07Sep2017,-429.34
05Jan2017,-429.65
24Dec2016,-429.98
12Jul2017,-429.99
09Jul2015,-430
07Aug2015,-430
02May2017,-431.46
20Mar2017,-434.4
17Jan2015,-435
02Mar2015,-435
01Apr2015,-435
07May2015,-435
01Jun2015,-435
01Oct2015,-435
28Nov2015,-439
19Aug2014,-440
15Dec2014,-440
19Jan2016,-440.63
04Jul2014,-442.25
27Aug2014,-442.75
31Mar2014,-443.95
04Feb2015,-444.33
18Jun2014,-444.48
02Feb2015,-445.25
29Aug2017,-445.78
24Mar2015,-449
30Mar2015,-450
23May2015,-450
26May2015,-450
17Sep2015,-450
24Oct2015,-450
15Feb2016,-450
16May2017,-450.65
30Sep2014,-456.11
11Aug2015,-456.56
21Jul2014,-457.85
17Dec2014,-459
31Aug2015,-460
07Aug2014,-462.17
24Nov2016,-467.55
13Aug2015,-469.54
15Jul2014,-470
08Jul2017,-470.32
10Jan2014,-471.8
10Aug2016,-472.7
16Jan2015,-476.39
15Oct2015,-479.64
05May2014,-479.91
09Jan2015,-480
01Sep2015,-480
21Sep2015,-480
24Oct2015,-481.42
16May2017,-483.11
07Apr2017,-483.33
22Jul2015,-484.22
25Sep2014,-484.35
16Jul2015,-485
17Jan2014,-488.5
15Dec2014,-489.5
01Oct2014,-489.66
31Oct2015,-494.5
01Dec2015,-494.5
25Nov2014,-494.8
10Apr2017,-495
03Sep2015,-495.36
12Jun2015,-495.6
20Oct2015,-499
04Sep2017,-499
18May2015,-499.9
14Apr2014,-499.99
31Dec2013,-500
06Mar2014,-500
22May2014,-500
17Jun2014,-500
25Jul2014,-500
12Sep2014,-500
20Jan2015,-500
07Feb2015,-500
20Oct2015,-500
05Aug2016,-500
25Jun2015,-502.02
07Oct2015,-508
20Feb2016,-508.2
09Jan2014,-510
29Mar2017,-510
13Dec2016,-516
21May2016,-516.88
22Jun2016,-516.88
22Jul2016,-516.88
22Aug2016,-516.88
22Sep2016,-516.88
22Oct2016,-516.88
22Nov2016,-516.88
22Dec2016,-516.88
21Jan2017,-516.88
22Feb2017,-516.88
22Mar2017,-516.88
22Apr2017,-516.88
01Dec2014,-519.95
01Dec2016,-524.09
22Sep2016,-524.12
03Sep2015,-524.51
04Dec2014,-524.8
05Aug2014,-525
17Jan2017,-527
19Aug2014,-529.44
30Mar2017,-535
04Jan2017,-544.9
15Dec2015,-550
28Dec2016,-550
19Dec2014,-550.7
06Jul2017,-552.25
04Mar2017,-555.38
18Sep2014,-555.83
20Jan2014,-558.64
08Dec2014,-560
02Sep2017,-560
14May2015,-562.77
01Jul2017,-562.9
06Mar2017,-568.2
23Jan2015,-568.94
26Oct2013,-572.48
21Sep2015,-573.67
03Nov2014,-575
31Dec2015,-576.5
01Feb2016,-576.5
01Mar2016,-576.5
01Apr2016,-576.5
30Apr2016,-576.5
01Jun2016,-576.5
01Jul2016,-576.5
01Aug2016,-576.5
01Sep2016,-576.5
18Aug2014,-580
28Nov2016,-580
09Sep2015,-583.62
09Jun2015,-590
30Aug2016,-590
17Dec2016,-595
22Nov2013,-600
06Dec2013,-600
10May2014,-600
12Aug2014,-600
07Feb2015,-600
11Apr2015,-600
18Apr2015,-600
10Sep2015,-600
24May2016,-600
29Aug2016,-600
17Sep2016,-600
13Mar2017,-600
18Apr2017,-600
03May2017,-600
05Aug2017,-600
09Sep2017,-600
29Jun2015,-604.89
07Jan2014,-605.14
30Sep2013,-613.44
03Aug2015,-616.81
15Dec2014,-618
24Nov2016,-620
11Jun2014,-624.62
23Jun2015,-625
28May2016,-625
13Jul2015,-626.5
18Dec2014,-629.2
22May2017,-629.94
22Jun2017,-629.94
22Jul2017,-629.94
22Aug2017,-629.94
22Sep2017,-629.94
15Oct2016,-630
31Oct2016,-630
27Mar2017,-630.63
23Apr2014,-631.95
03Mar2015,-633.12
31Mar2014,-634.26
25Feb2014,-634.84
03Feb2015,-635
24Aug2015,-635.39
25Nov2013,-637.34
17Dec2016,-640
21May2014,-640.25
24Dec2013,-640.69
12Oct2013,-641.77
13Mar2014,-643.7
21Jul2015,-644.68
21Jun2014,-646.85
25Jan2016,-648
28Sep2016,-650
23Jan2014,-650.23
12Oct2015,-656
13May2014,-661.9
21Aug2017,-665
31May2014,-665.12
24Jun2014,-666.12
06Feb2014,-666.46
27May2015,-670
31Mar2014,-672.34
04Mar2014,-676.73
11Apr2014,-679.1
30Jun2015,-679.6
23Dec2016,-679.95
26Feb2016,-680
10Dec2013,-680.3
18Oct2014,-681
18Nov2014,-681
18Dec2014,-681
11Mar2015,-681
01Oct2015,-681
02Nov2015,-681
01Dec2015,-681
02Jan2016,-681
01Feb2016,-681
01Mar2016,-681
01Apr2016,-681
03May2016,-681
01Jun2016,-681
01Jul2016,-681
01Aug2016,-681
27Aug2015,-684.25
26Sep2015,-684.25
27Oct2015,-684.25
27Nov2015,-684.25
24Dec2015,-684.25
27Jan2016,-684.25
27Feb2016,-684.25
26Mar2016,-684.25
26Apr2016,-684.25
27May2016,-684.25
17Jan2017,-689.96
03Apr2014,-692.9
15Jun2015,-693.81
15Oct2015,-695
17Dec2014,-697.2
17Nov2015,-700
25Nov2015,-700
07Dec2015,-700
08Dec2015,-700
12Dec2015,-700
06Jan2016,-700
26Jan2016,-700
09Feb2016,-700
25Feb2016,-700
15Mar2016,-700
11Apr2016,-700
19Apr2016,-700
26May2016,-700
21Jun2016,-700
21Jun2016,-700
18Jul2016,-700
13Oct2016,-700
08Mar2017,-700
07Jun2016,-702.05
03Mar2014,-705.58
11Aug2015,-707.37
06May2014,-709.8
14Jan2016,-714
24Dec2013,-718
27Dec2013,-718
19Apr2014,-718.05
24Mar2014,-718.7
15Sep2015,-720.17
27Dec2013,-730
20Jan2014,-734.05
22Mar2014,-736.45
29Jun2017,-737.25
28Aug2015,-745
01Oct2014,-750
28Dec2015,-750
04Dec2014,-752.4
14Jul2015,-759.96
11Mar2014,-759.98
15Sep2016,-760
20Jun2014,-761.6
01Oct2016,-766.5
01Nov2016,-766.5
24Feb2014,-769.95
04Aug2015,-771.35
24May2014,-775.75
18Aug2015,-786.41
20Jan2015,-795.39
09Jan2015,-799
18Dec2014,-799.95
07Sep2016,-800
09Nov2016,-800
24Mar2017,-800
01Apr2014,-801.68
28Oct2013,-806.18
19Dec2014,-812.7
02Sep2014,-820
27Jun2016,-833.84
27Jul2016,-833.84
27Aug2016,-833.84
27Sep2016,-833.84
27Oct2016,-833.84
26Nov2016,-833.84
24Dec2016,-833.84
27Jan2017,-833.84
27Feb2017,-833.84
27Mar2017,-833.84
26Apr2017,-833.84
27May2017,-833.84
01Dec2016,-847
28Jul2014,-849.75
27Oct2015,-850
14Feb2017,-850
08Sep2015,-851.77
26May2015,-856.29
01Sep2016,-860
01Oct2016,-860
01Nov2016,-860
01Dec2016,-860
03Jan2017,-860
01Feb2017,-860
02Mar2017,-860
01Apr2017,-860
02May2017,-860
01Jun2017,-860
01Jul2017,-860
01Aug2017,-860
01Sep2017,-860
01Feb2017,-864.5
01Mar2017,-864.5
01Apr2017,-864.5
29Apr2017,-864.5
01Jun2017,-864.5
22Dec2014,-865.54
06Apr2017,-873.8
25Jan2016,-876.08
23Jul2015,-880
11Oct2016,-880
29Dec2016,-880
15Jan2014,-886
25Feb2014,-890
31Oct2014,-890
30Jul2015,-891
28May2014,-895
01Jul2017,-902
01Aug2017,-902
01Sep2017,-902
10Feb2015,-914
10Mar2014,-918
26Jan2015,-945
23Jan2017,-945.9
12Aug2014,-946
03Feb2015,-947.07
03Mar2014,-950
19Nov2014,-951.15
31Dec2016,-957
31Jul2014,-960
27Feb2014,-967
18Feb2017,-969
24Dec2013,-974
25Jun2015,-990
25Jan2016,-990
05Jan2016,-995
04Oct2016,-995.93
11Mar2014,-999
03Jan2017,-999
09Jan2017,-999
02Feb2017,-999
24Oct2013,-1000
20Dec2013,-1000
10Jan2014,-1000
28Feb2014,-1000
14Apr2014,-1000
05May2014,-1000
17Jun2014,-1000
17Jun2014,-1000
24Jun2014,-1000
27Jun2014,-1000
11Aug2014,-1000
16Aug2014,-1000
21Sep2013,-1000
21Sep2013,-1000
06Jan2015,-1000
16Feb2015,-1000
12Mar2015,-1000
14Mar2015,-1000
18Apr2015,-1000
28Apr2015,-1000
28Apr2015,-1000
05May2015,-1000
09May2015,-1000
25May2015,-1000
06Jun2015,-1000
17Jun2015,-1000
02Sep2015,-1000
22Sep2015,-1000
24Nov2015,-1000
15Dec2015,-1000
19Mar2016,-1000
13Jun2016,-1000
31Aug2016,-1000
30Sep2016,-1000
03Oct2016,-1000
07Nov2016,-1000
11Nov2016,-1000
18Nov2016,-1000
24Nov2016,-1000
03Dec2016,-1000
17Dec2016,-1000
09Jan2017,-1000
16Jan2017,-1000
07Feb2017,-1000
07Feb2017,-1000
07Apr2017,-1000
26Apr2017,-1000
29May2017,-1000
01Jul2017,-1000
25Jul2017,-1000
25May2015,-1003.2
18Jun2015,-1003.2
12Jun2017,-1009.7
11Feb2017,-1010
18Sep2015,-1015
27Jun2017,-1016.63
27Jul2017,-1016.63
26Aug2017,-1016.63
16Jan2015,-1026
17Jun2014,-1032.95
03Oct2016,-1033.19
25May2015,-1036.5
04Mar2014,-1044.94
29Mar2014,-1050
30Apr2014,-1050
27Jun2014,-1050
29Aug2014,-1050
28Nov2014,-1050
25Jan2017,-1050
16Mar2017,-1050
08Aug2016,-1051.3
31Oct2014,-1060
19Dec2014,-1078
04Feb2015,-1080.67
10Jun2017,-1095
20Oct2014,-1100
16Feb2016,-1100
29Jul2015,-1101
02Jun2015,-1103.98
27Sep2017,-1116.95
26Nov2016,-1117
31Dec2014,-1124
19May2017,-1140.96
25Mar2014,-1159.77
10Apr2017,-1159.9
18Oct2013,-1162
20Nov2013,-1162
22Jan2014,-1162
12May2014,-1175
13Apr2015,-1179.9
15Dec2014,-1187
12Apr2017,-1192
11Feb2014,-1199
02Mar2015,-1200
28Feb2017,-1204
14Nov2016,-1206.91
06Jan2015,-1210
28Dec2016,-1225.03
19Dec2014,-1234.8
31Mar2015,-1250
11Nov2016,-1250
25Aug2017,-1250
22Sep2017,-1250
27Aug2015,-1253
30May2014,-1280
22Jul2014,-1281.81
22Aug2014,-1281.81
22Sep2014,-1281.81
22Oct2014,-1281.81
22Nov2014,-1281.81
22Dec2014,-1281.81
22Jan2015,-1281.81
23Feb2015,-1281.81
20Mar2015,-1281.81
22Apr2015,-1281.81
04Mar2014,-1291.8
09Sep2016,-1300
11May2015,-1316
23Dec2016,-1323
07Sep2015,-1355
07Sep2015,-1355
19Oct2015,-1358.48
06Jun2015,-1363.89
27Oct2015,-1375.15
30Nov2016,-1399
20Jan2016,-1400
04Jul2016,-1409
05Jul2016,-1409
24May2017,-1411.63
14Dec2015,-1425
14Dec2015,-1440
29Jan2015,-1460
12May2015,-1477.93
14Dec2015,-1491
05Oct2013,-1500
24Dec2013,-1500
02Jan2014,-1500
15Jan2014,-1500
25Jan2014,-1500
01Feb2014,-1500
15Feb2014,-1500
20Feb2014,-1500
27Feb2014,-1500
10Mar2014,-1500
15Mar2014,-1500
18Mar2014,-1500
27Mar2014,-1500
31Mar2014,-1500
10Apr2014,-1500
22Apr2014,-1500
30Apr2014,-1500
10May2014,-1500
17May2014,-1500
26May2014,-1500
07Jun2014,-1500
12Jun2014,-1500
18Jun2014,-1500
21Jun2014,-1500
08Jul2014,-1500
14Jul2014,-1500
15Jul2014,-1500
17Jul2014,-1500
21Jul2014,-1500
31Jul2014,-1500
11Aug2014,-1500
30Aug2014,-1500
06Sep2014,-1500
17Sep2014,-1500
29Sep2014,-1500
28Sep2013,-1500
21Oct2014,-1500
27Oct2014,-1500
01Nov2014,-1500
08Nov2014,-1500
15Nov2014,-1500
28Nov2014,-1500
08Dec2014,-1500
13Dec2014,-1500
19Dec2014,-1500
22Dec2014,-1500
19Jan2015,-1500
31Jan2015,-1500
16Feb2015,-1500
28Feb2015,-1500
12Mar2015,-1500
04Apr2015,-1500
02May2015,-1500
28May2015,-1500
29May2015,-1500
08Jun2015,-1500
18Jun2015,-1500
27Jun2015,-1500
30Jun2015,-1500
10Jul2015,-1500
13Jul2015,-1500
24Jul2015,-1500
28Jul2015,-1500
01Aug2015,-1500
06Aug2015,-1500
21Aug2015,-1500
11Sep2015,-1500
05Oct2015,-1500
10Oct2015,-1500
26Oct2015,-1500
13Nov2015,-1500
01Dec2015,-1500
16Jan2016,-1500
20Feb2016,-1500
02Mar2016,-1500
22Mar2016,-1500
08Apr2016,-1500
10May2016,-1500
07Jun2016,-1500
07Jul2016,-1500
04Aug2016,-1500
06Sep2016,-1500
23Sep2016,-1500
04Oct2016,-1500
24Oct2016,-1500
23Jan2017,-1500
16Feb2017,-1500
03Mar2017,-1500
23Mar2017,-1500
21Apr2017,-1500
29Apr2017,-1500
10Jun2017,-1500
01Jul2017,-1500
03Jul2017,-1500
14Jul2017,-1500
11Aug2017,-1500
04Sep2017,-1500
17May2017,-1513.98
18Apr2015,-1520
11Aug2014,-1541.38
17Feb2017,-1544.95
22Apr2014,-1549.63
19Jun2014,-1550
25Apr2016,-1553.96
26Jan2015,-1563
25Feb2015,-1563
25Mar2015,-1563
28Apr2015,-1563
25May2015,-1563
25Jun2015,-1563
27Jul2015,-1563
25Aug2015,-1563
22May2015,-1563.06
22Jun2015,-1563.06
22Jul2015,-1563.06
03May2016,-1565.7
22Dec2014,-1575
20Sep2014,-1577.58
26Jun2014,-1588.51
09Mar2015,-1595
03May2017,-1599
28Feb2014,-1600
03Jan2015,-1600
19Nov2016,-1610
04Oct2016,-1647.72
11Apr2017,-1648
26Mar2016,-1649
11Dec2014,-1655.25
31Mar2014,-1680
27Jun2014,-1680
29Aug2014,-1680
02Mar2015,-1680
13Jul2016,-1728.58
30Jun2015,-1750
20Oct2014,-1763.59
21Sep2016,-1769.76
07Oct2015,-1776
20Oct2015,-1776
17Nov2015,-1776
30Dec2015,-1776
25Apr2016,-1776
26May2016,-1776
27Sep2017,-1796.03
27Aug2015,-1799
30Apr2015,-1800
05Oct2015,-1803.25
10Jun2014,-1816.37
20Dec2014,-1830.01
23Jan2017,-1840
28Nov2014,-1850
30Apr2014,-1890
30May2014,-1890
01Oct2014,-1890
30Jan2015,-1890
03Sep2016,-1900
12Nov2014,-1923
18Dec2014,-2000
01Jun2015,-2000
28Aug2015,-2000
24Dec2015,-2000
01Feb2016,-2000
25Feb2016,-2000
25Apr2016,-2000
31Aug2016,-2000
07Nov2016,-2000
16Feb2017,-2000
28Apr2017,-2000
29May2017,-2000
06Sep2014,-2018.7
27Jan2017,-2050.67
09Jan2014,-2100
31Jul2014,-2100
04Feb2015,-2108
19Dec2014,-2122.9
11May2015,-2139.53
30Apr2015,-2140
02Apr2016,-2140
28Oct2015,-2199.62
09Dec2016,-2211
31Mar2015,-2250
02May2015,-2250
28Jul2015,-2250
28Sep2015,-2250
26Oct2015,-2250
26May2016,-2250
24Jun2016,-2250
14Aug2017,-2276.3
02Feb2015,-2280
21Nov2016,-2292.05
17Dec2013,-2322
28Jan2014,-2348.32
13Dec2014,-2365.7
25Jul2016,-2400
26Oct2016,-2400
20Feb2015,-2454.95
11May2015,-2472.5
16Aug2016,-2480
13Dec2014,-2500
29Jan2015,-2500
03Feb2015,-2500
29Mar2016,-2500
15Dec2016,-2500
20Mar2014,-2570.36
27Dec2014,-2663.6
19Oct2016,-2669
13Feb2014,-2677.84
25Aug2014,-2698
29Aug2016,-2700
26Sep2016,-2700
26Nov2016,-2700
28Dec2016,-2700
22Dec2014,-2735
18May2017,-2737.58
24Mar2015,-2740
23Jun2015,-2768.63
23Dec2014,-2768.65
20May2014,-2781.33
13Oct2014,-2875
22Oct2016,-2924.75
18Nov2014,-2942
29Dec2014,-2986
25Feb2014,-2999
24Nov2014,-3000
15Jan2015,-3000
30Mar2015,-3000
29Mar2016,-3000
25Apr2016,-3000
27Mar2017,-3000
13Dec2014,-3011.57
24Apr2015,-3054.94
20Mar2015,-3077.14
03Feb2014,-3095
26Nov2016,-3128
25Feb2014,-3135
26Oct2015,-3215
25Nov2015,-3215
13Jun2017,-3354.06
27Dec2014,-3449
28Dec2015,-3470
07Jan2016,-3470
25Jan2016,-3470
25Feb2016,-3470
29Mar2016,-3470
25Apr2016,-3470
25May2016,-3470
27Jun2016,-3470
25Jul2016,-3470
25Aug2016,-3470
26Sep2016,-3470
25Oct2016,-3470
25Nov2016,-3470
31Mar2014,-3498
03Oct2014,-3500
17Sep2014,-3510.42
27Mar2017,-3519
21Jan2015,-3594
10Dec2014,-3699.9
03Feb2015,-3702.56
17Aug2015,-3743
31Dec2014,-3806.5
28Dec2016,-3815
25Jan2017,-3815
27Feb2017,-3815
25Apr2017,-3815
25May2017,-3815
26Jun2017,-3815
25Jul2017,-3815
25Aug2017,-3815
26Sep2017,-3815
08Feb2017,-3844.3
12Aug2016,-3868.75
29Dec2014,-3900
19Dec2014,-3995
04Feb2014,-4000
26Aug2015,-4000
25Nov2015,-4000
26Jun2015,-4148.88
05Sep2014,-4200
18Feb2015,-4225
16Sep2016,-4294
27May2014,-4350.62
16May2015,-4398
14Nov2014,-4450
17Mar2015,-4450
18Nov2014,-4500
03Dec2014,-4500
24Apr2015,-4500
02Jul2015,-4645.16
25Feb2015,-4735
09Mar2015,-4770
25Sep2015,-4867
03Mar2015,-5000
01Apr2015,-5000
04May2015,-5000
11May2015,-5000
01Jun2015,-5000
01Jul2015,-5000
03Aug2015,-5000
01Sep2015,-5000
01Oct2015,-5000
02Nov2015,-5000
01Dec2015,-5000
04Jan2016,-5000
01Feb2016,-5000
01Mar2016,-5000
26May2016,-5000
13Mar2017,-5000
13Mar2017,-5000
08May2017,-5103
01Apr2016,-5300
03May2016,-5300
01Jun2016,-5300
01Jul2016,-5300
01Aug2016,-5300
01Sep2016,-5300
03Oct2016,-5300
01Nov2016,-5300
01Dec2016,-5300
03Jan2017,-5300
01Feb2017,-5300
01Mar2017,-5300
23Feb2015,-5347
20Nov2013,-5371.56
29Mar2016,-5379
18Dec2014,-5385.36
21Feb2015,-5415.55
25May2015,-5537
03Apr2017,-5618
02May2017,-5618
01Jun2017,-5618
03Jul2017,-5618
01Aug2017,-5618
01Sep2017,-5618
27Jul2017,-5724.93
25Feb2016,-6000
23Oct2014,-6020
14Jun2017,-6130
09Jun2015,-6156
30Jun2015,-6156
28Dec2015,-6427.45
22Jan2015,-6700
07Apr2015,-6727.14
04Mar2014,-6750
17Oct2014,-6951.15
21Jul2014,-6955.22
09Dec2014,-7097
24Jun2016,-7304.44
23Jan2014,-7581.6
20Nov2014,-7710.58
26May2016,-7804.17
11May2017,-8000
19Mar2015,-8138.71
21Nov2014,-8335
18Mar2014,-8790
24Dec2015,-9000
25Jan2016,-9000
13Dec2014,-9238.85
29Mar2016,-9250.67
24Nov2014,-9570
19Nov2014,-9815.4
29Mar2016,-9945.66
27Mar2014,-10000
29Apr2014,-10000
09Oct2014,-10000
14Oct2014,-10000
20Oct2014,-10000
29Oct2014,-10000
29Oct2014,-10000
15Dec2014,-10000
07Feb2015,-10000
26May2016,-10000
24Jun2016,-10000
31Aug2016,-10000
29Sep2016,-10000
24Oct2016,-10000
09May2017,-10000
09Sep2016,-10094.22
24Nov2015,-10390
20Apr2015,-10443.58
24Apr2015,-10443.58
25Oct2016,-10600
30Jun2015,-10838.7
21Jan2014,-10996
30Mar2015,-11000
20Sep2014,-11847.56
21Jan2015,-12000
20Feb2015,-12000
25Apr2016,-12000
07Apr2017,-12000
25Jan2016,-12317.41
27Jul2015,-12347.44
25Nov2015,-12458.74
06Jun2016,-12500
26Oct2016,-13000
21Nov2016,-13000
09Dec2016,-13000
28Dec2016,-13000
25Jan2017,-13000
27Feb2017,-13000
20Dec2014,-13018.92
17Mar2015,-13100
18Sep2014,-13257.2
25Jan2016,-13381.78
20Jan2014,-13466.04
10Jul2015,-13557
20Feb2014,-13879.77
26Jul2017,-13950
28Aug2017,-13950
27Jul2015,-14000
26Aug2015,-14000
26Oct2015,-14000
25Nov2015,-14000
15Dec2015,-14000
25Jan2016,-14000
25Feb2016,-14000
29Mar2016,-14000
25Apr2016,-14000
26May2016,-14000
28Sep2015,-14001.54
26Sep2016,-14100
28Sep2017,-14109.1
25Feb2016,-15258.92
20Jun2014,-15351.12
24Jun2016,-15400
25Jul2016,-15400
30Aug2016,-15400
20Mar2017,-15400
24Apr2017,-15400
30May2017,-15400
14Oct2014,-15580
09Jan2016,-15799
25Jul2016,-16300.4
27Aug2016,-16787.66
28Apr2017,-16797.99
20Aug2014,-17465.79
24Jan2015,-17870
06Nov2014,-17874
25Feb2015,-18000
25Mar2015,-18000
24Apr2015,-18000
25May2015,-18000
23May2016,-18000
11Jul2016,-18456.9
30Jun2016,-19910.61
26Jul2017,-19932.69
20Jun2015,-19937.6
25Jun2015,-20000
29Jul2016,-20000
24Oct2016,-20000
09May2017,-20000
15Jul2017,-20000
31Jul2017,-20000
20May2015,-20045.18
27Feb2017,-21344.38
25May2015,-21850
28Aug2017,-22814.82
06Jan2017,-23000
26Mar2015,-23227.5
24Oct2016,-23285.09
05Dec2014,-24000
09Dec2016,-24660.13
10Nov2014,-25488
29Sep2016,-25747.08
21Nov2016,-25804
04Nov2016,-26000
14Jun2017,-26263.65
25Aug2014,-27909.36
22Sep2016,-28400
23Jun2017,-35570
19Dec2014,-41054.95
